train_lgb,val_lgb,test_lgb,train_xgb,val_xgb,test_xgb,train_rf,val_rf,test_rf
0.006360103910733765,0.04352253071543391,0.03219946350411789,0.29694417995965416,0.29746471739550795,0.2905781637268446,0.015155641284559682,0.03931666773204629,0.036992111551785216
0.008346568373761692,0.03129026058045749,0.024775554979814606,0.3922597637610713,0.39487137927231064,0.3714469429546506,0.01293281684561183,0.03490939099417035,0.028747194940882893
0.012482801300867366,0.03999757074044903,0.05018576401755457,0.2583016706723676,0.2617739114169114,0.24472486840826335,0.012938715514049673,0.03464487780218152,0.04666153214496093
0.0075051484818977375,0.030205384170837755,0.02795836472207013,0.33820125156640907,0.34283440251457736,0.336647798742103,0.016929913609415932,0.0349576947698663,0.03607344575120298
0.07091332641325125,0.07971827093001341,0.08953966080146793,0.18561056471100595,0.1853893003028643,0.20387525662314837,0.11283277063506321,0.11426733450901105,0.11977679652923354
0.2521525264124399,0.532515669513053,0.5730301904285376,0.6689188393932595,0.6809218731264693,0.7098784388688649,0.4113779545252389,0.5516587139078789,0.5906144967948452
