train_lgb,val_lgb,test_lgb,train_xgb,val_xgb,test_xgb,train_rf,val_rf,test_rf
0.03762051434698163,0.10789903510081789,0.03571485364585138,0.23855585510833968,0.2441676159835227,0.14549939114246896,0.03752991770508224,0.09149842586792072,0.0532457105184057
0.004606295431120615,0.013423197133330211,0.01120684525940732,0.2927375198893673,0.293154101875878,0.30213621204154023,0.0029219532931723585,0.00794390082650479,0.005145356961724304
0.0010310817871334375,0.00783175651532227,0.006940712663625197,0.20170469471108737,0.20203893105976692,0.15082909610878112,0.0023165247714369195,0.005725939743256585,0.00562556816964146
0.004190364657940692,0.011186224083459245,0.009938870426340202,0.3377140249881257,0.3374552443445859,0.33518629505827113,0.0031193916681423245,0.00718152900503149,0.005901940796989461
0.13576352630401378,0.15407858675128697,0.052196645459159696,0.39237021706645897,0.39234865360195925,0.28517767227828394,0.14857090721535537,0.19256213531316138,0.07861760888338536
0.09047260419481737,0.4286610696247403,0.40355280427907136,0.5562010636055826,0.5757191046478459,0.535881255008847,0.31206867456948056,0.442905510431328,0.4118675827834672
