train_lgb,val_lgb,test_lgb,train_xgb,val_xgb,test_xgb,train_rf,val_rf,test_rf
0.00784367025272355,0.04020627160279244,0.031096380772879764,0.3009025881085422,0.3105766632557521,0.2646027975947271,0.023593473264091693,0.06185605353928335,0.048287400123883197
0.0013673522694526623,0.012466005313836659,0.00923649792819548,0.18470596321179808,0.18495451656610756,0.1872093187785436,0.0042710711659457775,0.01015396535977875,0.008422938960239377
0.0024284312765966752,0.004944974491702878,0.004976372604987129,0.2628490927566388,0.262638512471333,0.16251828379313127,0.0009359431430443167,0.002295431452914843,0.0016977473283333571
0.004036568920252104,0.008551561861613006,0.008062921472995628,0.3467722139666283,0.35143171111730215,0.3342435487384204,0.0023257380807210778,0.006215222005244994,0.004932120079264483
0.08903936361403324,0.11223590391142788,0.04023675594035014,0.2955935305379767,0.29560305874899184,0.22023216795328163,0.13177768507021625,0.14089327740620358,0.06657560247233897
0.18367536095310028,0.4458379699373114,0.41655803912395883,0.5399579137792806,0.5706091688150497,0.5473174468796925,0.23814985844264833,0.45283207941382797,0.42812765399958636
