train_lgb,val_lgb,test_lgb,train_xgb,val_xgb,test_xgb,train_rf,val_rf,test_rf
0.03998987609153878,0.10782027904632682,0.04791758488976527,0.29329780055437144,0.29254024642552323,0.18194317511282,0.07062208782276751,0.11788659474651855,0.06812848775151835
0.004878015957829921,0.014677914430059677,0.01092914262977312,0.166153340871031,0.1670517799810459,0.16917192359524685,0.003496078950611313,0.008297964630858082,0.0056946596399969195
0.002119588998287129,0.006131913137414363,0.004539560686561464,0.2513928224752817,0.2519319991659224,0.23921275973985728,0.002148398483245251,0.004985794947780489,0.005053497926985808
0.004160679427122511,0.011609151458054492,0.01035184579638024,0.22486480623547017,0.22666127793220392,0.22937314444358733,0.002875611536075069,0.007566496234137592,0.006003229892784253
0.1340299870489879,0.1549045778767723,0.0514777138390395,0.24670563750285832,0.25613010991563806,0.14874637668090107,0.2040838790504699,0.2161812438741008,0.13144326123688677
0.1533408418515913,0.4242987414732539,0.3901691520648025,0.6689306196476943,0.674335934396491,0.6506069160689155,0.24263481679804885,0.43851416564333834,0.3994492966771832
