train_lgb,val_lgb,test_lgb,train_xgb,val_xgb,test_xgb,train_rf,val_rf,test_rf
0.09862584631732323,0.11863003067416482,0.03231737551753727,0.3479909772964659,0.34666293305622603,0.2602314398434757,0.21679744190352196,0.21831549347075074,0.12611861782010408
0.002628871749467002,0.011987431132993739,0.00841398568340432,0.258395659752738,0.26051325020331384,0.2021645513334978,0.004068465724276769,0.010605180520999983,0.007667416950303622
0.0021691218003365223,0.0062945645482377546,0.005594915532372278,0.2257776501111751,0.2280832400436624,0.19192340736280447,0.0011678907704131547,0.0029732427035969607,0.002441510146402522
0.001979018550703702,0.008281451232589707,0.006660070136965883,0.29644084241336305,0.29893881671870065,0.29594357576156455,0.002189741380439214,0.006027424232359109,0.004873160402280039
0.13928957947808712,0.15674384968274788,0.0552038717827647,0.25816300826054006,0.2570412559137824,0.15277931699846434,0.22000767390838005,0.22228071860012905,0.0969593804169631
0.19647016247467428,0.42584611319152615,0.3900857745749596,0.522697589275495,0.5544634201278422,0.5287695675154988,0.2581192708045597,0.43648377753178413,0.3942911274261016
